{"cameraMode":{"drawMode":0,"name":"Shaded","section":"Shading Mode"},"sceneLighting":true,"audioPlay":false,"sceneViewState":{"showFog":true,"showMaterialUpdate":false,"showSkybox":true,"showFlares":true,"showImageEffects":true,"showParticleSystems":true},"in2DMode":false,"pivot":{"x":0.5636482238769531,"y":-0.9547042846679688,"z":-0.357421875},"rotation":{"x":0.0014999976847320796,"y":0.0014999979175627232,"z":-0.0000022499980332213456,"w":0.9999976754188538},"size":8.91637134552002,"orthographic":true}